name,supermarket,priceFrom,priceTo,description,discountTag,image,validUntil
"AH Komkommer, AH Spruitjes of AH Avocado",ah,2.18,1.50,2 zakken of stuks naar keuze,2 VOOR 1.50,,12-07
AH Snoepgroente,ah,5.98,4.00,2 emmers naar keuze,2 VOOR 4.00,,12-07
AH Groente mix,ah,2.09,2.00,2 zakken naar keuze,2 VOOR 2.00,,12-07
Divers Fruit en Sappen,ah,2.89,1.99,Bijv. AH Pitloze rode druiven - Schaal 500 gram,BONUS,,12-07
AH Hand- en perssinaasappelen 2 kilo,ah,5.50,3.50,2 netten naar keuze,2 VOOR 3.50,,12-07
Diverse Groenten,ah,2.09,1.69,Bijv. AH Snijbonen - Zak 400 gram,BONUS,,12-07
AH Blauwe bessen 300 gram,ah,4.99,3.49,Per schaal,30% korting,,12-07
Pink Lady,ah,2.49,1.87,Bijv. schaal 4 stuks - Per stuk,25% KORTING,,12-07
"AH Stamppot-, friet-, oven- of stoomaardappelen",ah,2.59,1.81,Bijv. stamppotaardappelen - Zak 1.5 kilo,30% KORTING,,12-07
AH Snoepfruit,ah,2.25,2.00,Bijv. rode appel - 3 zakjes,3 VOOR 2.00,,12-07
CêlaVíta kruimige of vastkokende aardappelen,ah,2.09,1.57,Bijv. oma's kruimige aardappelen - Zak 900 gram,25% KORTING,,12-07
AH Zongerijpte galia meloen,ah,2.00,1.75,Schaal 200 gram,BONUS,,12-07
Diverse AH Excellent Aardappelen,ah,2.39,1.99,Bijv. Roseval - Zak 1 kilo,BONUS,,12-07
AH Verse fruitsalades,ah,4.00,3.00,2 schalen naar keuze,2 VOOR 3.00,,12-07
AH Pannenkoeken of poffertjes,ah,2.00,1.50,Bijv. pannenkoeken naturel - Pak 8 stuks,25% KORTING,,12-07
AH Bapao en pita,ah,0.79,2.00,Bijv. Bapao rundvlees -  3 stuks,3 VOOR 2.00,,12-07
AH Basismaaltijdsalades en -maaltijden,ah,6.00,5.00,2 schalen,2 VOOR 5.00,,12-07
AH Verse stamppotten of ovenschotels,ah,3.99,2.99,Bijv. verse stamppot andijvie - Schaal 505 gram,1 EURO KORTING,,12-07
Rustlers broodjes,ah,2.75,2.06,Bijv. twin pack ceese burger - Per pak,25% KORTING,,12-07
AH Gerookte kip of makreel,ah,15.75,11.81,Bijv. gerookte kipfilet - Per 250 gram,25% KORTING,,12-07
AH Runderhamburgers naturel 2 of 4 stuks,ah,2.79,2.09,Bijv. 4 stuks- Per schaal,25% KORTING,,12-07
AH Kipfiletblokjes 2 x 175 gram of scharrelkipfiletblokjes 200-320 gram,ah,4.00,3.00,Bijv. kipfiletblokjes 2 x 175 gram - Per schaal,25% KORTING,,12-07
Valess,ah,2.99,5.00,Bijv. Vega schnitzel Milner - 2 schalen à 180 gram,2 VOOR 5.00,,12-07
AH Scharrel kiprollade,ah,11.99,5.00,Bijv. kiprollade - Schaal ca. 500 gram,BONUS,,12-07
AH Mosselen,ah,8.99,6.99,Bijv. mosselen medium - Schaal 2 kilogram,BONUS,,12-07
Garden Gourmet worstjes,ah,2.59,2.07,Bijv. Vegetarische rookworst - Pak 200 gram,20% KORTING,,12-07
"AH Surimi sticks, snippers of flakes",ah,1.29,0.99,Bijv. surimi sticks - Bakje 200 gram,BONUS,,12-07
AH Kip ovenschotel,ah,9.99,8.49,Bijv. kipdijfilet saté ajam - Schaal ca. 400 gram,BONUS,,12-07
AH Vega worstjes,ah,2.69,2.29,Bijv. Mini Worstjes - Schaal 180 gram,15% KORTING,,12-07
AH Filetlapjes à la minute,ah,2.99,2.24,Schaal 350 gram,25% KORTING,,12-07
"AH Varkenshaas naturel
",ah,12.95,9.96,Per 100 gram,BONUS,,12-07
AH Goudse kaas in plakken of stukken van de versafdeling,ah,1.26,0.94,Bijv. jong belegen 48+ in plakken - Per 100 gram,25% KORTING,,12-07
AH Goudse kaas in plakken en stukken van de zelfbedieningsafdeling,ah,2.09,2.92,Bijv. jong 48+ in plakken - 2 pakken à 190 gram,2e HALVE PRIJS,,12-07
AH Biologische kaas,ah,3.29,2.80,Bijv. Geraspte belegen kaas 50+ -  Zak 150 gram,BONUS,,12-07
Diverse AH Vleeswaren van de versafdeling,ah,20.90,18.81,Bijv. Excellent Pain d'Ardenne - Per 100 gram,10% KORTING,,12-07
"Paturain, Chavroux en Le Rustique van de zelfbedieningsafdeling",ah,1.69,2.54,Bijv. Paturain knoflook &amp; fijne kruiden - 2 bakjes,2e HALVE PRIJS,,12-07
AH Excellent Spaanse droge worst van de versafdeling,ah,2.69,4.50,2 stuks,2 VOOR 4.50,,12-07
Philadelphia,ah,1.95,2.93,Bijv. Roomkaas original - 2 bakjes à 200 gram,2e HALVE PRIJS,,12-07
Diverse AH Kazen van de versafdeling,ah,2.75,2.48,Bijv. Goudse jong 48+ blokjes - Bakje 200 gram,10% KORTING,,12-07
Stegeman droge worst,ah,2.59,1.94,"Bijv. licht pittige chorizo - Per stuk, 225 gram",25% KORTING,,12-07
Stegeman vleeswaren,ah,3.38,2.00,Bijv. Vollof boterhamworst - 2 pakken à  215 gram,2 VOOR 2.00,,12-07
Maza,ah,1.54,2.31,Bijv. hoemoes naturel - 2 bakjes à 200 gram,2e HALVE PRIJS,,12-07
AH Filet Americain ei en ui,ah,2.35,2.11,Bakje 150 gram,10% korting,,12-07
Gratis bezorging bij 8 euro aan Johma,ah,,,"di,wo,do,za",Gratis bezorging bij 8 euro,,12-07
"Alle biologische melk, yoghurt of kwark",ah,1.29,0.97,Bijv. Arla halfvolle melk - Pak 1 liter,25% KORTING,,12-07
"Optimel, Vifit en Yoki drink literpakken",ah,1.25,2.00,2 pakken,2 VOOR 2.00,,12-07
Danone Activia 4-packs,ah,1.72,3.00,2 sets van 4 bekers à 125 gram,2 VOOR 3.00,,12-07
AH Smeerbare roomboter en Lurpak roomboter,ah,2.25,3.38,Bijv. AH roomboter ongezouten - 2 kuipjes,2e HALVE PRIJS,,12-07
Melkunie pap,ah,1.79,1.00,Bijv. havermoutpap - Pak 1 liter,BONUS,,12-07
Alle Homemade en Bij Robèrt,ah,1.89,1.42,Bijv. Homemade Compl. mix voor brownies - Per pak,25% KORTING,,12-07
AH Stuks gebak van de bakkerij,ah,6.00,4.50,Bijv. frambozentartelettes - 2 schalen à 4 stuks,2e HALVE PRIJS,,12-07
AH Spelt van de bakkerij,ah,0.99,1.49,Bijv. luxe speltbol - 2 stuks,2e HALVE PRIJS,,12-07
AH Bakkersbollen,ah,1.20,1.80,Bijv. Bakkersbol wit - 2 zakken à 4 stuks,2e HALVE PRIJS,,12-07
Danerolles,ah,1.85,1.39,Bijv. croissants classic - Blik 6 stuks,25% KORTING,,12-07
AH Thuisafbak snacks,ah,1.75,2.63,Bijv. Mini saucijzen hapjes - 2 pakken à 12 stuks,2e HALVE PRIJS,,12-07
AH Appelnotenkoek,ah,2.59,2.09,Per pak,BONUS,,12-07
AH Robuust,ah,1.49,2.24,Bijv. stokbrood wit - 2 pakken,2e HALVE PRIJS,,12-07
AH Franse baguettes,ah,0.89,0.80,Per pak,10% korting,,12-07
"Bolletje ontbijtcrackers, -granen of beschuit",ah,1.65,1.15,Bijv. ontbijtcrackers meerzaden - Pak 270 gram,30% KORTING,,12-07
Snelle Jelle,ah,1.79,2.68,Bijv. zero - 2 sets à 4 stuks,2e HALVE PRIJS,,12-07
"Appelsientje, DubbelDrank of Van de Boom literpakken",ah,1.49,0.99,Per pak,BONUS,,12-07
Fanta en Sprite 1.5 literflessen,ah,1.91,2.87,2 flessen,2 VOOR 1.99,,12-07
"Perla snelfiltermaling, bonen en capsules",ah,4.49,9.02,Bijv. aroma snelfiltermaling 500 gram - 3 pakken,2 + 1 GRATIS,,12-07
Friesche Vlag koffiemelk pakken 450-500 ml,ah,0.40,0.60,Bijv. Halvamel mild &amp; zacht - 2 pakken à 10 cups,2e HALVE PRIJS,,12-07
Rivella en Sourcy 1 en 1.5 liter,ah,1.78,2.67,Bijv. Rivella licht sprankelend - 2 flessen,2e HALVE PRIJS,,12-07
Chocomel en Fristi 1 literpakken,ah,1.52,1.00,Bijv. Chocomel Vol - Per pak,BONUS,,12-07
Innocent,ah,2.29,1.60,Bijv. orange juice with bits - Fles 900 ml,30% KORTING,,12-07
Fanta blikjes 0.33 liter,ah,0.62,0.99,2 blikjes,2 VOOR 0.99,,12-07
Fanta blikjes 6-pack,ah,3.69,2.97,6 blikjes à 0.33 liter,BONUS,,12-07
Spa Touch Of 1 literflessen,ah,1.12,1.68,Bijv. touch of mint - 2 flessen,2e HALVE PRIJS,,12-07
Starbucks,ah,1.69,1.27,Bijv. Chilled classic caramel macchiato - 220 ml,25% KORTING,,12-07
Royal Club en Mountain Dew,ah,0.63,0.47,Bijv. Royal Club with a hint of Grapefruit - 250ml,25% KORTING,,12-07
Caffè Venezia bonen 1.2 kilo,ah,7.79,5.49,Per zak,BONUS,,12-07
Spa Touch Of  Lemon 4-pack,ah,4.59,3.44,4 flessen à 1 liter,25% korting,,12-07
Gratis bezorging bij een 24-pack Red Bull,ah,,,Bijv. Regular,Gratis bezorging,,12-07
Alle Berberana,ah,11.98,5.99,Bijv. Red Dragon Tempranillo - 2 flessen,2=1,,12-07
Wijnfavorieten,ah,6.49,4.99,Bijv. Fed. Paternina Rioja Crianza - Fles 0.75 l,BONUS,,12-07
AH Glühwein,ah,1.49,1.12,Fles 0.75 liter,25% korting,,12-07
Alle Tilia,ah,6.99,4.49,Fles 0.75 liter,BONUS,,12-07
Lapostolle,ah,9.99,7.99,Fles 0.75 liter,2 EURO KORTING,,12-07
"Antinori, Flaxbourne en Campo viejo",ah,6.99,4.99,Bijv. Flaxbourne Sauvignon Blanc - Fles 0.75 liter,BONUS,,12-07
Casa Lapostolle Chardonnay,ah,9.99,6.99,Fles 0.75 liter,3 EURO KORTING,,12-07
AH Excellent Pinot Grigio doc delle Venezie,ah,14.99,9.99,Fles 1.5 liter,BONUS,,12-07
Gratis bezorging bij een Gall klantenkaart,ah,10.00,10.00,Hele week,Gratis bezorging bij aankoop,,12-07
Kerstwijn,ah,6.69,3.35,Bijv. Trivento Cabernet Sauvignon  - Fles 0.75 l,50% KORTING,,12-07
AH Sommos najaarswijnbox,ah,29.06,20.00,Per doos - 4 flessen à 0.75 liter,BONUS,,12-07
Alle overige Heineken,ah,1.00,0.75,Bijv. tarwebok- Flesje 0.3 liter,25% KORTING,,12-07
"Brouwerij 't IJ, Jopen of Gulpener",ah,2.49,1.87,Bijv. Brouwerij 't IJ IJndejaars - Flesje 0.33 l,25% KORTING,,12-07
Heineken pils,ah,16.29,9.99,Krat 24 flesjes à 0.3 liter,BONUS,,12-07
Gratis bezorging bij 3 geselecteerde speciaalbieren,ah,,,hele week,Gratis bezorging bij 2,,12-07
AH Pasta fresca,ah,2.99,2.50,Bijv. ravioli burata pomodoro - Schaal 250 gram,BONUS,,12-07
Sacla,ah,2.99,2.39,Bijv. Gemarineerde artisjokharten - Pot 190 gram,20% KORTING,,12-07
AH Maaltijdpot,ah,3.29,5.00,Bijv. Babi Pangang - 2 potten à 500 gram,2 VOOR 5.00,,12-07
Aardappel Anders,ah,1.79,1.43,Bijv. bacon-ui - Pot 390 ml,20% KORTING,,12-07
Alle Unox*,ah,1.30,0.98,Bijv. Cup a Soup champignon-crème - 2 doosjes,2e HALVE PRIJS,,12-07
Kraft en Heinz mayonaise,ah,2.29,1.00,Bijv. Heinz Ser. good mayo. light topdown - 400 ml,BONUS,,12-07
Mug Shot of Naked noodles,ah,0.99,0.79,Bijv. Mug Shot Creamy cheese pasta - Per stuk,20% KORTING,,12-07
Alle Bunlimited,ah,2.19,1.64,Bijv. 4 classic hot dogs - Per pak,25% KORTING,,12-07
Iliada,ah,7.95,6.76,Bijv. Bio. extra vierge olijfolie - Fles 0.5 liter,15% KORTING,,12-07
AH Stroopwafels en choc chip cookies 140 gram,ah,1.59,2.39,Bijv. stroopwafels - 2 zakken à 12 stuks,2e HALVE PRIJS,,12-07
LU Tuc,ah,0.86,1.29,Bijv. original - 2 pakken à 100 gram,2e HALVE PRIJS,,12-07
Venco stazakken,ah,1.59,2.79,2 zakken,2 VOOR 2.79,,12-07
AH Notenmix naturel,ah,3.29,2.99,Kuipje 175 gram,BONUS,,12-07
Mars 5-pack en Freedent,ah,1.70,3.00,Bijv. Freedent Strong mint suikervrij - 2 x 3-pack,2 VOOR 3.00,,12-07
Maltesers,ah,1.99,1.79,Zak 192 gram,BONUS,,12-07
Delicata bonbons,ah,5.99,5.29,Bijv. sparkling happiness mix - Doos 16 stuks,BONUS,,12-07
Gratis bezorging bij 12 euro aan Duyvis,ah,,,hele week,Gratis bezorging bij 12 euro,,12-07
Gratis bezorging bij 10 euro aan L'Atelier,ah,,,"di,wo,do,za","Gratis bezorging bij 9 euro op di,wo,do,za",,12-07
Gratis bezorging bij 5 pakken Oreo,ah,,,hele week,Gratis bezorging bij 5,,12-07
"Mora Oven en originals, Aviko specialiteiten en Iglo vissticks en burgers",ah,2.99,6.01,Bijv. Aviko rösti sterren - 3 zakken à 600 gram,2 + 1 GRATIS,,12-07
Everyday IceCake of AH Roomijs 1 liter,ah,1.99,1.39,Bijv. AH Vanille-ijs - Per bak,30% KORTING,,12-07
AH Mini appelflap en appeltaart,ah,3.49,1.74,Pak 360 gram,50% KORTING,,12-07
Spring Home roti en loempiavellen,ah,1.55,1.24,Bijv. Roti paratha plain - Pak 325 gram,20% KORTING,,12-07
Alle A-merk persoonlijke verzorging en vitamines*,ah,3.98,1.99,Bijv. Gillette scheerschuim - 2 bussen à 200 ml,1 + 1 GRATIS,,12-07
"AH Luiers,doekjes en verzorging",ah,0.99,0.59,Bijv. Kids toetenvegers - Pak 40 stuks,40% KORTING,,12-07
Nestlé Toetjes en pappen,ah,2.15,3.23,Bijv. Pyjamapapje biscuit - 2 x 3 x 250 ml,2e HALVE PRIJS,,12-07
Gratis bezorging bij een Nivea giftset,ah,,,hele week,Gratis bezorging,,12-07
Witte Reus toiletblokken en - reinigers,ah,10.76,5.38,Bijv. blauw actief - 4 pakken,2 + 2 GRATIS,,12-07
"Whiskas snacks en droogvoer, Pedigree snacks en IAMS Naturally",ah,6.98,5.23,Bijv. Whiskas 1+ brokjes rund - 2 zakken,2e HALVE PRIJS,,12-07
Alle AH Huishoudsprays en -doekjes,ah,2.38,1.90,Bijv. Hygiënische doekjes voordeel - 2 x 80 stuks,2e HALVE PRIJS,,12-07
AH Extra zacht toiletpapier,ah,5.38,4.25,Bijv. Extra zacht 4 laags - 2 pakken à 6 rollen,2 VOOR 4.25,,12-07
Ariel 27-49 wasbeurten,ah,11.99,5.99,Bijv. 3-in-1 pods color &amp; style - Doos 27 pods,50% KORTING,,12-07
"Finish tabs, Vanish en Glassex",ah,5.18,2.59,Bijv. Vanish powergel - 2 flessen à 200 ml,1 + 1 GRATIS,,12-07
Nalys grootverpakkingen en Page,ah,6.99,4.89,Bijv. Nalys velours maxi - Pak 12 rollen,30% KORTING,,12-07
HG ontstoppers,ah,7.78,5.84,Bijv. Vloeibare ontstopper - 2 flacons à 1 liter,2e HALVE PRIJS,,12-07
Ambi Pur lucht- en textielverfrissers,ah,2.79,2.00,Bijv. textielverfrisser spray classic - Bus 300 ml,BONUS,,12-07
Dreft vaatwas grootverpakkingen,ah,29.98,14.99,Bijv. Platinum vaatwastabl. cool blue - 2 x 40 st,1 + 1 GRATIS,,12-07
"Gratis bezorging bij 15 euro Ariel, Dreft, Lenor en Swiffer",ah,,,hele week,Gratis bezorging bij 15 euro,,12-07
Gratis bezorging bij 10 euro aan Edet,ah,,,hele week,Gratis bezorging,,12-07
Hallmark kerstkaarten 10-packs,ah,13.50,9.00,3 pakken - OP=OP,2 + 1 GRATIS,,12-07
AH Kersthangers,ah,5.99,4.49,Bijv. hamster groot kerstcadeau - Per stuk,25% KORTING,,12-07
Duracell ultra of plus power 8-packs,ah,13.99,6.99,Bijv. plus power AA - Pak 8 stuks - OP=OP,50% KORTING,,12-07
Ten Cate dames of herenondergoed,ah,23.90,11.95,Bijv. damesslip - Set 2 stuks,50% KORTING,,12-07
"AH Versierde, besneeuwde of geglitterde kerstboom",ah,13.00,10.00,Per stuk,3 EURO KORTING,,12-07
Bolsius geurassortiment,ah,12.98,6.49,Bijv. geurverspreider frost garden 45 ml - 2 stuks,1 + 1 GRATIS,,12-07
AH Glitterboompje,ah,6.00,5.00,2 stuks,2 VOOR 5.00,,12-07
Sinterklaascadeaus,ah,10.39,8.31,Bijv. LOL surprise pets - Per stuk,20% KORTING,,12-07
AH Picea omorika in pot,ah,10.00,6.00,Per stuk,4 EURO KORTING,,12-07
Tijdschriften,ah,6.25,4.69,Bijv. Linda - Per stuk,25% KORTING,,12-07
Nomad skisokken,ah,19.99,9.99,Set 2 paar - OP=OP,50% KORTING,,12-07
AH Nordmann gezaagd,ah,16.95,9.95,Per stuk,of 9.95 + 700 Air Miles,,12-07
Ten Cate thermosokken,ah,11.99,5.99,Set 3 paar - OP=OP,50% KORTING,,12-07
AH Hyacinten in glazen schaal of vaas met ledverlichting,ah,8.00,6.00,Bijv. vaas met ledverlichting - Per stuk,2 EURO KORTING,,12-07
AH Witte hyacintenbollen in kerstschaal,ah,18.00,15.00,Per stuk,3 EURO KORTING,,12-07
AH Nordmann potgeteeld*,ah,28.95,21.95,Per stuk,of 21.95 + 700 Air Miles,,12-07
Ten Cate thermotop,ah,29.99,14.99,Per stuk - OP=OP,50% KORTING,,12-07
AH Mini- of besneeuwde kinderkerstboom,ah,7.00,5.00,Per stuk,BONUS,,12-07
Ten Cate thermobroek,ah,25.99,12.99,Per stuk - OP=OP,50% KORTING,,12-07
Nomad handschoenen,ah,19.99,9.99,Per paar - OP=OP,50% KORTING,,12-07
Philips broodrooster HD2515/00 of waterkoker HD9305/00,ah,34.99,24.99,Per stuk,BONUS,,12-07
Hoomark Glitter lint,ah,1.69,1.29,Per stuk,BONUS,,12-07
Tristar RA 2998 Gourmetplaat,ah,29.99,12.99,Per stuk,BONUS,,12-07
Gratis bezorging bij 10 euro aan Duracell,ah,,,Bijv. Plus power AA alkaline batterijen,Gratis bezorging bij 10 euro,,12-07
Sinterklaas schoencadeau,ah,5.99,4.99,Bijv. 112 Brandweer auto - Per stuk,BONUS,,12-07
AH Wijnboxen,ah,42.14,30.00,"Bijv. De perfecte trio wijnbox - Doos 6 x 0,75 l",BONUS,,12-07
AH Bamikroketten,ah,1.35,0.67,Pak 4 stuks - OP=OP,50% korting,,12-07
Black Friday OP=OP,ah,49.99,29.99,Bijv. Draadloze koptelefoon T450BT,BONUS,,12-07
Op=Op Sinterklaas,ah,0.49,0.25,Bijv. Kruidnoten - Zak 200 gram,50% OP=OP KORTING,,12-07
AH Allerhande Kerstwijnbox,ah,38.96,30.00,,BONUS,,12-07
AH Gourmetwijnbox,ah,32.94,20.00,,BONUS,,12-07
Allerhande Dinerwijnbox,ah,30.96,22.50,,BONUS,,12-07
OP=OP,ah,3.35,2.18,Bijv. Pizza tradizionale mista di mare - Per stuk,BONUS,,12-07
OP = OP Zwitsal maandboxen,ah,62.97,31.49,Bijv. Luiers maxi maat 4 - Maandbox 3x62 stuks,50% OP=OP KORTING,,12-07
Pommery,ah,32.99,25.99,"Bijv. Pommery Brut Royal - Fles 0,75 l",ACTIE,,12-07
Freixenet,ah,9.99,7.99,"Bijv. Freixenet Negro Brut - Fles 0,75 l",ACTIE,,12-07
Overige champagne,ah,35.99,29.99,"Bijv. Piper Heidsieck Brut - Fles 0,75 l",ACTIE,,12-07
Overige mousserend,ah,9.99,7.49,"Bijv. Prosecco Colle del Principe - Fles 0,75 l",ACTIE,,12-07
Arrogant Frog,ah,7.49,5.49,"Bijv. Arrogant Frog Cabernet Sauvignon - 0,75 l",ACTIE,,12-07
Ogio Pinot Grigio of Primitivo,ah,6.79,3.99,"Bijv. Ogio Pinot Grigio - Fles 0,75 l",ACTIE,,12-07
Lekker bij de borrel,ah,7.49,4.99,"Bijv. Oveja Negra Chardonnay - Fles  0,75 l",ACTIE,,12-07
Wijn geschenkverpakkingen,ah,11.99,9.99,"Bijv. Kanonkop Blend Geschenk - Fles 0,75 l",ACTIE,,12-07
Kerstborrel wijnen,ah,5.99,4.99,"Bijv. Baumgartner Grüner Veltliner - Fles 0,75 l",ACTIE,,12-07
Maatje meer,ah,24.99,14.99,"Bijv. Cap Royal Bordeaux 2015 Magnum - Fles 1,5 l",ACTIE,,12-07
Lekker bij biefstuk,ah,11.99,5.99,"Bijv. Cap Royal Bordeaux Supérieur - Fles 0,75 l",ACTIE,,12-07
Lekker bij gourmet,ah,11.59,5.99,"Bijv. Palo Alto Shiraz Malbec - Fles 0,75 l",ACTIE,,12-07
Overige wijnaanbiedingen,ah,7.49,4.99,"Bijv. La Palma Chardonnay - Fles 0,75 l",ACTIE,,12-07
Lekker bij kaasplateau,ah,11.69,8.99,"Bijv. Kopke Crown Royal Fine Ruby - Fles 0,75 l",ACTIE,,12-07
Overige port,ah,8.99,6.99,"Bijv. Barros Tawny Port - Fles 0,75 l",ACTIE,,12-07
Voordeelpakkers,ah,21.49,15.99,Bijv. Bacardi Carta Blanca - Fles 100 cl,ACTIE,,12-07
Famous whisky,ah,22.99,16.99,Bijv. The Famous Grouse - Fles 100 cl,ACTIE,,12-07
Overige whisky,ah,21.99,14.99,Bijv. William Lawson's - Fles 100 cl,ACTIE,,12-07
Cognac,ah,21.99,17.99,Bijv. Joseph Guy VS - Fles 70 cl,ACTIE,,12-07
Rum,ah,16.99,12.99,Bijv. Bacardi Oakheart - Fles 70 cl,ACTIE,,12-07
Wodka/Gin,ah,15.49,12.99,Bijv. Gordon's London Dry - Fles 70 cl,BONUS,,12-07
Likeuren,ah,22.49,14.99,Bijv. Baileys - Fles 100 cl,ACTIE,,12-07
Whisky van de maand,ah,29.99,19.99,Bijv. Dewar's Special Reserve - Fles 70 cl,10 EURO KORTING,,12-07
Jenever/Vieux/Bitters,ah,15.49,9.99,Bijv. Hooghoudt Dubbele Graanjenever - Fles 100 cl,ACTIE,,12-07
World of Beers,ah,11.99,9.99,"Bijv. World of Beers Kadoverpakking - Fles 1,8 l",ACTIE,,12-07
Lekker bij het aperitief,ah,13.99,9.79,"Bijv. Prosecco Ca'Marina - Fles 0,75 l",ACTIE,,12-07
Lekker bij gerookte zalm,ah,34.99,27.99,"Bijv. Brimoncourt Brut - Fles 0,75 l",7 EURO KORTING,,12-07
Klassieke wijnen,ah,12.99,10.99,"Bijv. La Chablisienne Chablis  - Fles 0,75 l",ACTIE,,12-07
Wijn van de maand,ah,14.99,7.50,Bijv. Catena Malbec Lunlunta - Fles 0.75 l,50% korting,,12-07
Dozen voordeel,ah,77.94,38.97,"Bijv. Clearwater Sauvignon Blanc - Doos 6 x 0,75 l",50% korting,,12-07
Lekker bij coquilles,ah,13.99,9.99,"Bijv. Bourgogne Chardonnay - Fles 0,75 l",ACTIE,,12-07
Lekker bij garnalen,ah,12.49,8.99,"Bijv. Constantia Sauvignon Blanc - Fles 0,75 l",ACTIE,,12-07
Lekker bij gourmet,ah,13.99,8.99,"Bijv. Cune Rioja Reserva - Fles 0,75 l",6 EURO KORTING,,12-07
Lekker bij rood vlees,ah,23.99,14.99,"Bijv. Barolo Serra dei Turchi - Fles 0,75 l",9 euro korting,,12-07
Lekker bij wild,ah,12.99,9.99,"Bijv. Zonin Ripasso Superiore - Fles 0,75 l",3 EURO KORTING,,12-07
Lekker bij fruit dessert,ah,8.99,5.99,"Bijv. Alasia Moscato DÁsti - Fles 0,75 l",ACTIE,,12-07
Lekker bij de kaasplank,ah,24.99,19.99,"Bijv. Graham's Aged Tawny 10 years - Fles 0,75 l",ACTIE,,12-07
Topwijnen,ah,21.99,13.99,"Bijv. Tokara Director's Reserve 2014 - Fles 0,75 l",ACTIE,,12-07
Valdivieso,ah,9.99,5.99,"Bijv. Valdivieso Chardonnay Reserva - Fles 0,75 l",ACTIE,,12-07
Overige wijnaanbiedingen kaart,ah,9.99,5.99,"Bijv. La Palma Merlot Reserva -Fles 0,75 l",ACTIE,,12-07
Cadeau uit Schotland,ah,41.99,33.99,Bijv. Highland Park Viking Honour - Fles 70 cl,8 EURO KORTING,,12-07
Single malt begon hier,ah,34.99,24.99,Bijv. The Glenlivet Founders Reserve - Fles 70 cl,10 EURO KORTING,,12-07
Amando en Blue Stratos Aftershave,ah,18.78,9.39,Bijv. Blue Stratos Aftershave - 2 flessen à 100 ml,1 + 1 GRATIS,,12-07
Diadermine Gezichtsverzorging,ah,11.70,5.85,Bijv. Reinigingsdoekjes - 2 pakken à 25 stuks,1 + 1 GRATIS,,12-07
Etos Gezichtsverzorging en reiniging,ah,3.38,2.54,Bijv. Reinigingsdoekjes - 2 pakken à 25 stuks,2e HALVE PRIJS,,12-07
Got2b en Poly Palette Haarverzorging,ah,15.38,7.69,Bijv. Palette Mokka bruin 850 - 2 stuks à 115 ml,1 + 1 GRATIS,,12-07
Hask Haarverzorging,ah,17.98,13.47,Bijv. Argan oil repair shine - 2 flessen à 59 ml,2e HALVE PRIJS,,12-07
Hawkins &amp; Brimble en Bulldog en Just for Men haarkleuring,ah,13.49,11.49,Bijv. Just for men Blond H10 - Fles 60 ml,ACTIE,,12-07
L'Oréal Haarkleuring,ah,36.38,20.00,Bijv. Excellence age perfect 8.31 - 2 stuks,2 VOOR 20.00,,12-07
L'Oréal Paris make-up,ah,29.98,22.49,Bijv. Paris nude magique BB cream fair - 2 stuks,2e HALVE PRIJS,,12-07
Maybelline New York Make-up,ah,28.98,14.49,Bijv. Maybelline New York Volum - 2 stuks,1 + 1 GRATIS,,12-07
"ROC, Dr. vd Hoog, Biore en Clearasil reiniging",ah,17.18,8.59,Bijv. Ultra pads - 2 pakken à 65 stuks,1 + 1 GRATIS,,12-07
"S. Oliver, Tabac en Geuren",ah,19.19,11.51,Bijv. Fly High eau de toilette woman - Per stuk,ACTIE,,12-07
Trind Nagelverzorging,ah,14.10,7.05,Bijv. Nailpolish remover - 2 flessen à 125 ml,1 + 1 GRATIS,,12-07
Balneum Weleda en Nûby Babyverzorging,ah,8.19,6.14,Bijv. Baby calendula shampoo - Fles 200 ml,25% KORTING,,12-07
Etos Lichaamsverzorging,ah,3.98,2.99,Bijv. Handcrème intensive - 2 stuks à 75 ml,2e HALVE PRIJS,,12-07
Etos Mondwater,ah,2.69,2.00,Bijv. Mondwater Total Protection - Fles 500 ml,ACTIE,,12-07
Etos Standaard flesvoeding,ah,13.98,10.00,Bijv. Standaard 2 - 2 pakken à 800 gram,2 VOOR 10.00,,12-07
Inoli Badolie en Lavera Handcrème haarkleuring,ah,4.89,3.67,Bijv. Hand cream anti-ageing 100% - Per stuk,25% KORTING,,12-07
Love Beauty Planet,ah,8.99,6.74,Bijv. Dry shampoo volume &amp; bounty - Fles 245 ml,25% KORTING,,12-07
Naïf Babyverzorging,ah,19.90,14.93,Bijv. Baby care milde wasgel - 2 flessen à 200 ml,2e HALVE PRIJS,,12-07
Optinova Maandlenzen,ah,6.99,5.24,Bijv. Comfort maandlenzen hyaluron - Per set,25% KORTING,,12-07
Therme Lichaamsverzorging,ah,15.70,10.00,Bijv. Zen white lotus foaming - 2 stuks à 200 ml,2 VOOR 10.00,,12-07
Unicare en Amo lenzenvloeistoffen,ah,17.90,13.43,Bijv. Vita+ alles-in-één - 2 flessen à 240 ml,2e HALVE PRIJS,,12-07
WaterWipes Babydoekjes,ah,28.78,21.59,Bijv. Babydoekjes - 2 pakken à 240 stuks,2e halve prijs,,12-07
Weleda,ah,7.99,5.99,Bijv. Sport douchegel - 2 flessen à 200 ml,25% KORTING,,12-07
Incontinentie en Inlegkruisjes,ah,1.19,0.89,Bijv. Inlegkruisjes fresh - Per pak à 30 stuks,25% KORTING,,12-07
"Lucovitaal, Swisse en Optimax supplementen",ah,9.98,4.99,Bijv. Melatonine forte 2 mg - 2 pakken à 30 stuks,1 + 1 GRATIS,,12-07
A. Vogel Solidago,ah,15.99,13.59,Bijv. Solidago - Per stuk,15% korting,,12-07
